user1@example.com,Password123,Yes
user2@example.com,Testing456,Yes
user3@example.com,SecurePass789,Yes
user4@example.com,1234AbCd,No
user5@example.com,RandomPwd321,No
user6@example.com,TestPass789,Yes
user7@example.com,Pass1234,No
user8@example.com,DummyPwd567,Yes
user9@example.com,SecureTest789,Yes
user10@example.com,12345AbCd,No
user11@example.com,SamplePass456,Yes
user12@example.com,Password7890,Yes
user13@example.com,Test1234,No
user14@example.com,PassTest567,Yes
user15@example.com,Random123,No
user16@example.com,SecurePwd890,Yes
user17@example.com,9876AbCd,No
user18@example.com,DummyTest789,Yes
user19@example.com,Passphrase123,Yes
user20@example.com,Password!123,No